{"Username": "CocoJones", "Equipment": ["", "1100", "1200", "1300", "", "", "", "1600", "1800"], "BaseStats": [20, 10, 1, 1, 1, 1, 1, 1, 1, 1, 1, 1, 1, 1, 1, 1, 1, 1, 1, 1, 1, 1, 1, 0, 0, 0, 0], "CurrentStats": [20, 10], "TotalStats": [970, 160, 426, 426, 501, 51, 1, 1, 1, 1, 1, 1, 1, 1, 1, 1, 1, 1, 1, 1, 1, 1, 1, 0, 0, 0, 0], "Main": [23, 23.62364219655973, 169.40658945086008], "StatPoints": [89], "Mining": [23, 14.623642196559729, 169.40658945086008], "Chopping": [26, 4, 330.8722450212111], "Fishing": [1, 0, 5], "Fighting": [1, 0, 5], "Swords": [1, 0, 5], "Archery": [1, 0, 5], "Magic": [1, 0, 5], "Crafting": [1, 0, 5], "Merchant": [1, 0, 5], "MaxInv": 10}